Year,Abbr,Country,fert_consump,log10_consump
2005,AF,Afghanistan,4.24,0.6273658565927327
2006,AF,Afghanistan,6.29,0.798650645445269
2007,AF,Afghanistan,3.62,0.5587085705331657
2008,AF,Afghanistan,2.99,0.4756711883244297
2009,AF,Afghanistan,4.52,0.6551384348113821
2010,AF,Afghanistan,4.25,0.6283889300503115
2011,AF,Afghanistan,6.61,0.8202014594856403
2005,AL,Albania,111.6,2.04766419460156
2006,AL,Albania,85.09,1.9298785236567833
2007,AL,Albania,87.17,1.9403670459856652
2008,AL,Albania,75.88,1.8801273222166248
2009,AL,Albania,89.39,1.951288937277672
2010,AL,Albania,97.32,1.9882021002587809
2011,AL,Albania,97.14,1.9873980991370175
2005,DZ,Algeria,7.43,0.8709888137605752
2006,DZ,Algeria,13.26,1.1225435240687542
2007,DZ,Algeria,14.96,1.1749315935284426
2008,DZ,Algeria,8.58,0.9334872878487055
2009,DZ,Algeria,13.99,1.1458177144918276
2010,DZ,Algeria,19.48,1.2895889525425968
2011,DZ,Algeria,17.49,1.2427898094786765
2005,AO,Angola,2.26,0.35410843914740087
2006,AO,Angola,3.66,0.5634810853944107
2007,AO,Angola,3.31,0.5198279937757188
2008,AO,Angola,8.26,0.9169800473203822
2009,AO,Angola,5.47,0.7379873263334308
2010,AO,Angola,8.43,0.9258275746247423
2011,AO,Angola,11.98,1.0784568180532925
2005,AG,Antigua and Barbuda,6,0.7781512503836436
2006,AG,Antigua and Barbuda,4.5,0.6532125137753437
2007,AG,Antigua and Barbuda,0.5,-0.3010299956639812
2008,AG,Antigua and Barbuda,3.5,0.5440680443502757
2009,AG,Antigua and Barbuda,13.25,1.1222158782728267
2010,AG,Antigua and Barbuda,3,0.47712125471966244
2011,AG,Antigua and Barbuda,3.25,0.5118833609788743
2005,1A,Arab World,68.81,1.8376515578463926
2006,1A,Arab World,59.43,1.7740057302582095
2007,1A,Arab World,61.66,1.7900035203904894
2008,1A,Arab World,64.88,1.8121108412030995
2009,1A,Arab World,56.94,1.7554174628109362
2010,1A,Arab World,62.09,1.7930216598459832
2011,1A,Arab World,71.54,1.8545489358129508
2005,AR,Argentina,36.4,1.561101383649056
2006,AR,Argentina,41.41,1.617105230502378
2007,AR,Argentina,49.26,1.6924944075030843
2008,AR,Argentina,35.21,1.5466660250701842
2009,AR,Argentina,22.98,1.3613500243522665
2010,AR,Argentina,39.18,1.5930644316587175
2011,AR,Argentina,41.72,1.6203442997544932
2005,AM,Armenia,22.69,1.355834495884936
2006,AM,Armenia,27.84,1.4446692309385245
2007,AM,Armenia,15.33,1.1855421548543752
2008,AM,Armenia,18.15,1.2588766293721312
2009,AM,Armenia,29.67,1.4723175463168419
2010,AM,Armenia,24.2,1.3838153659804313
2011,AM,Armenia,27.37,1.4372747974101237
2005,AU,Australia,44.85,1.651762447380111
2006,AU,Australia,43.46,1.6380897219845056
2007,AU,Australia,46.81,1.6703386411274421
2008,AU,Australia,42.6,1.6294095991027189
2009,AU,Australia,36.25,1.5593080109070125
2010,AU,Australia,46.32,1.6657685507193798
2011,AU,Australia,45.28,1.655906418180215
2005,AT,Austria,135.72,2.1326438509730803
2006,AT,Austria,130.7,2.116275587580544
2007,AT,Austria,110.27,2.042457374574321
2008,AT,Austria,110.05,2.041590046889367
2009,AT,Austria,83.41,1.9212181211949504
2010,AT,Austria,108.49,2.035389709198677
2011,AT,Austria,103.39,2.0144785353262065
2005,AZ,Azerbaijan,13.36,1.1258064581395268
2006,AZ,Azerbaijan,13.34,1.1251558295805302
2007,AZ,Azerbaijan,10.64,1.0269416279590293
2008,AZ,Azerbaijan,20.94,1.3209766773428235
2009,AZ,Azerbaijan,13.41,1.127428777851599
2010,AZ,Azerbaijan,9.95,0.9978230807457255
2011,AZ,Azerbaijan,15.57,1.1922886125681202
2005,BH,Bahrain,2906.67,3.46339572825675
2006,BH,Bahrain,9436.55,3.974813245376338
2007,BH,Bahrain,798.57,2.902312990958266
2008,BH,Bahrain,1993.33,3.299579203023188
2009,BH,Bahrain,947.79,2.9767121222070942
2010,BH,Bahrain,1721.25,3.2358439532649803
2011,BH,Bahrain,1178.12,3.0711895287223707
2005,BD,Bangladesh,197.75,2.2961164921697144
2006,BD,Bangladesh,193.19,2.285984642487249
2007,BD,Bangladesh,184.41,2.2657844678405197
2008,BD,Bangladesh,200.06,2.301160264469208
2009,BD,Bangladesh,188.85,2.276116989163544
2010,BD,Bangladesh,212.96,2.3282980381305998
2011,BD,Bangladesh,255.76,2.4078326232636313
2005,BB,Barbados,109.08,2.037745129269592
2006,BB,Barbados,139,2.143014800254095
2007,BB,Barbados,133.62,2.125871467417682
2008,BB,Barbados,135.15,2.130816050034744
2009,BB,Barbados,77,1.8864907251724818
2010,BB,Barbados,135.08,2.130591051963374
2011,BB,Barbados,96.27,1.9834909718151665
2005,BY,Belarus,167.7,2.2245330626060857
2006,BY,Belarus,231.97,2.3654318224904203
2007,BY,Belarus,218.35,2.339153196257359
2008,BY,Belarus,237.42,2.3755173006496713
2009,BY,Belarus,281.11,2.448876295154121
2010,BY,Belarus,270.46,2.432103043698327
2011,BY,Belarus,303.89,2.4827164091412324
2005,BE,Belgium,329.14,2.5173806648031776
2006,BE,Belgium,316.45,2.500305100010565
2007,BE,Belgium,316.39,2.500222748487298
2008,BE,Belgium,328.91,2.5170770777356135
2009,BE,Belgium,246.25,2.391376239169649
2010,BE,Belgium,279.17,2.445868746564016
2011,BE,Belgium,286.2,2.4566696294237573
2005,BZ,Belize,81,1.9084850188786497
2006,BZ,Belize,89.26,1.9506568825045107
2007,BZ,Belize,60.87,1.7844033017530083
2008,BZ,Belize,49.76,1.6968803716827623
2009,BZ,Belize,121.44,2.084361758551405
2010,BZ,Belize,58.01,1.763502865467597
2011,BZ,Belize,234.71,2.370531593443077
2005,BJ,Benin,0.45,-0.3467874862246563
2006,BJ,Benin,0.01,-2
2007,BJ,Benin,0.25,-0.6020599913279624
2008,BJ,Benin,0.31,-0.5086383061657274
2009,BJ,Benin,6.68,0.8247764624755457
2010,BJ,Benin,8.99,0.9537596917332288
2011,BJ,Benin,4.3,0.6334684555795865
2005,BT,Bhutan,7.56,0.8785217955012065
2006,BT,Bhutan,7.62,0.8819549713396005
2007,BT,Bhutan,9.01,0.9547247909790629
2008,BT,Bhutan,11.66,1.0666985504229953
2009,BT,Bhutan,23.96,1.3794868137172738
2010,BT,Bhutan,10.04,1.0017337128090005
2011,BT,Bhutan,13.05,1.1156105116742998
2005,BO,Bolivia,6.47,0.8109042806687004
2006,BO,Bolivia,3.96,0.5976951859255123
2007,BO,Bolivia,5.89,0.7701152947871016
2008,BO,Bolivia,4.71,0.6730209071288962
2009,BO,Bolivia,5.16,0.7126497016272114
2010,BO,Bolivia,7.26,0.8609366207000937
2011,BO,Bolivia,8.02,0.9041743682841635
2005,BA,Bosnia and Herzegovina,24.64,1.3916407034923879
2006,BA,Bosnia and Herzegovina,15.48,1.189770956346874
2007,BA,Bosnia and Herzegovina,21.3,1.3283796034387378
2008,BA,Bosnia and Herzegovina,11.87,1.074450718954591
2009,BA,Bosnia and Herzegovina,72.71,1.8615941446438653
2010,BA,Bosnia and Herzegovina,81.53,1.9113174423240304
2011,BA,Bosnia and Herzegovina,103.38,2.014436527831672
2005,BR,Brazil,120.1,2.079543007402906
2006,BR,Brazil,124.03,2.093526743699675
2007,BR,Brazil,165.17,2.2179311687857806
2008,BR,Brazil,141.84,2.1517987225928614
2009,BR,Brazil,118.26,2.0728378746630867
2010,BR,Brazil,156.19,2.193653224907199
2011,BR,Brazil,183.01,2.262474821020941
2005,BN,Brunei Darussalam,308.5,2.4892551683692603
2006,BN,Brunei Darussalam,66,1.8195439355418688
2007,BN,Brunei Darussalam,377,2.576341350205793
2008,BN,Brunei Darussalam,112.67,2.0518082943170914
2009,BN,Brunei Darussalam,103,2.012837224705172
2010,BN,Brunei Darussalam,431.75,2.6352323462394964
2011,BN,Brunei Darussalam,117.5,2.070037866607755
2005,BG,Bulgaria,74.23,1.8705794605526849
2006,BG,Bulgaria,73.94,1.868879446237088
2007,BG,Bulgaria,102.01,2.0086427475652853
2008,BG,Bulgaria,111.24,2.046260980192122
2009,BG,Bulgaria,104.6,2.0195316845312554
2010,BG,Bulgaria,97.05,1.9869955397243817
2011,BG,Bulgaria,133.08,2.124112792196785
2005,BF,Burkina Faso,15.24,1.1829849670035817
2006,BF,Burkina Faso,13.4,1.1271047983648077
2007,BF,Burkina Faso,10.1,1.0043213737826426
2008,BF,Burkina Faso,9.53,0.9790929006383263
2009,BF,Burkina Faso,9.45,0.9754318085092629
2010,BF,Burkina Faso,9.43,0.9745116927373284
2011,BF,Burkina Faso,10.7,1.0293837776852097
2005,BI,Burundi,3.55,0.5502283530550941
2006,BI,Burundi,3.34,0.5237464668115644
2007,BI,Burundi,2.02,0.3053513694466238
2008,BI,Burundi,2.17,0.3364597338485295
2009,BI,Burundi,1.86,0.26951294421791633
2010,BI,Burundi,3.63,0.5599066250361125
2011,BI,Burundi,5.63,0.7505083948513462
2005,KH,Cambodia,8.11,0.909020854211156
2006,KH,Cambodia,8,0.9030899869919435
2007,KH,Cambodia,8.99,0.9537596917332288
2008,KH,Cambodia,7.64,0.8830933585756899
2009,KH,Cambodia,10.1,1.0043213737826426
2010,KH,Cambodia,12.12,1.0835026198302673
2011,KH,Cambodia,16.28,1.2116544005531824
2005,CM,Cameroon,8,0.9030899869919435
2006,CM,Cameroon,9.03,0.9556877503135057
2007,CM,Cameroon,8.62,0.9355072658247128
2008,CM,Cameroon,6.56,0.8169038393756602
2009,CM,Cameroon,7,0.8450980400142568
2010,CM,Cameroon,9.24,0.9656719712201067
2011,CM,Cameroon,11.04,1.04296907339318
2005,CA,Canada,61.82,1.7911290007272862
2006,CA,Canada,46.99,1.6720054450229518
2007,CA,Canada,68.6,1.8363241157067516
2008,CA,Canada,63.96,1.805908455074197
2009,CA,Canada,62.21,1.7938602013426697
2010,CA,Canada,69.18,1.8399805576783428
2011,CA,Canada,84.08,1.9246927030201857
2005,S3,Caribbean small states,57.87,1.762453482363547
2006,S3,Caribbean small states,87.92,1.9440876794154343
2007,S3,Caribbean small states,48.09,1.6820547770738072
2008,S3,Caribbean small states,114.62,2.059260404121731
2009,S3,Caribbean small states,58.03,1.7636525705645303
2010,S3,Caribbean small states,81.27,1.9099302597528307
2011,S3,Caribbean small states,75.46,1.8777168008649767
2005,B8,Central Europe and the Baltics,106.61,2.0277979433502993
2006,B8,Central Europe and the Baltics,108.36,2.034868996361131
2007,B8,Central Europe and the Baltics,120.12,2.0796153235269434
2008,B8,Central Europe and the Baltics,112.62,2.05161552300499
2009,B8,Central Europe and the Baltics,96.57,1.9848422314052758
2010,B8,Central Europe and the Baltics,113.34,2.0543832083054774
2011,B8,Central Europe and the Baltics,115.19,2.0614147782770735
2005,CL,Chile,434.76,2.6382495800821615
2006,CL,Chile,475.81,2.677433565274138
2007,CL,Chile,534.1,2.727622577969137
2008,CL,Chile,687.24,2.837108429160954
2009,CL,Chile,612.42,2.787049365154583
2010,CL,Chile,373.25,2.571999816397063
2011,CL,Chile,492.56,2.6924591405834253
2005,CN,China,423.41,2.6267611108717097
2006,CN,China,452.05,2.655186473579409
2007,CN,China,469.35,2.6714968222018745
2008,CN,China,482.88,2.6838392180954957
2009,CN,China,498.85,2.6979699765543392
2010,CN,China,515.41,2.7121528404909583
2011,CN,China,533.41,2.727061153281322
2005,CO,Colombia,445.13,2.6484868649978703
2006,CO,Colombia,571.25,2.7568262130779067
2007,CO,Colombia,544.29,2.735830355289489
2008,CO,Colombia,486.73,2.6872881151626093
2009,CO,Colombia,497.27,2.6965922592976583
2010,CO,Colombia,585.19,2.7672968960897633
2011,CO,Colombia,745.3,2.8723311212302507
2005,CD,"Congo, Dem. Rep.",0.07,-1.154901959985743
2006,CD,"Congo, Dem. Rep.",0.45,-0.3467874862246563
2007,CD,"Congo, Dem. Rep.",0.63,-0.2006594505464183
2008,CD,"Congo, Dem. Rep.",0.94,-0.026872146400301365
2009,CD,"Congo, Dem. Rep.",0.8,-0.09691001300805639
2010,CD,"Congo, Dem. Rep.",1.1,0.04139268515822508
2011,CD,"Congo, Dem. Rep.",1.01,0.004321373782642578
2005,CG,"Congo, Rep.",0.07,-1.154901959985743
2006,CG,"Congo, Rep.",0.05,-1.3010299956639813
2007,CG,"Congo, Rep.",0.36,-0.44369749923271273
2008,CG,"Congo, Rep.",0.75,-0.12493873660829995
2009,CG,"Congo, Rep.",4.58,0.6608654780038692
2010,CG,"Congo, Rep.",0.54,-0.26760624017703144
2011,CG,"Congo, Rep.",1.32,0.12057393120584989
2005,CR,Costa Rica,980.88,2.9916158794231995
2006,CR,Costa Rica,826.7,2.917347937627772
2007,CR,Costa Rica,790.2,2.8977370253454273
2008,CR,Costa Rica,707.48,2.849714167146986
2009,CR,Costa Rica,753.24,2.8769333746983357
2010,CR,Costa Rica,544.99,2.7363885334974443
2011,CR,Costa Rica,712.54,2.85280924944078
2005,CI,Cote d'Ivoire,17.78,1.249931756634195
2006,CI,Cote d'Ivoire,22.77,1.3573630306151427
2007,CI,Cote d'Ivoire,23.99,1.3800302479678306
2008,CI,Cote d'Ivoire,18.21,1.26030994579492
2009,CI,Cote d'Ivoire,15.31,1.184975190698261
2010,CI,Cote d'Ivoire,32.09,1.5063697170955042
2011,CI,Cote d'Ivoire,19.4,1.287801729930226
2005,HR,Croatia,294.51,2.4691000457142462
2006,HR,Croatia,380.79,2.5806855347706197
2007,HR,Croatia,410.06,2.612847407359837
2008,HR,Croatia,495.23,2.6948069454624237
2009,HR,Croatia,164.68,2.2166408583254484
2010,HR,Croatia,297.31,2.473209516913585
2011,HR,Croatia,311.01,2.4927743532551276
2005,CU,Cuba,22.38,1.3498600821923312
2006,CU,Cuba,32.12,1.5067755366066433
2007,CU,Cuba,35.7,1.5526682161121932
2008,CU,Cuba,43.58,1.639287225910237
2009,CU,Cuba,17.6,1.24551266781415
2010,CU,Cuba,29.89,1.4755259150392808
2011,CU,Cuba,42.02,1.6234560480699338
2005,CY,Cyprus,108.98,2.03734680356809
2006,CY,Cyprus,109.03,2.037546012085827
2007,CY,Cyprus,109.84,2.040760524228699
2008,CY,Cyprus,112.01,2.049256797232227
2009,CY,Cyprus,181.45,2.2587569725365753
2010,CY,Cyprus,202.77,2.307003701163156
2011,CY,Cyprus,151.2,2.1795517911651876
2005,CZ,Czech Republic,89.56,1.9521140849069927
2006,CZ,Czech Republic,94.27,1.9743735070814232
2007,CZ,Czech Republic,100.17,2.000737673774033
2008,CZ,Czech Republic,87.26,1.9408152086508013
2009,CZ,Czech Republic,88.52,1.9470414052552203
2010,CZ,Czech Republic,95.85,1.9815921172140813
2011,CZ,Czech Republic,100.58,2.0025116312849085
2005,DK,Denmark,137.12,2.137100804579123
2006,DK,Denmark,138.58,2.14170055699739
2007,DK,Denmark,142.41,2.1535404864380223
2008,DK,Denmark,147.68,2.169321683681837
2009,DK,Denmark,102.92,2.012499777538309
2010,DK,Denmark,113.71,2.055798659532481
2011,DK,Denmark,112.85,2.052501563413781
2005,DM,Dominica,207.8,2.3176455432211585
2006,DM,Dominica,134.2,2.1277525158329733
2007,DM,Dominica,276,2.4409090820652177
2008,DM,Dominica,44.6,1.649334858712142
2009,DM,Dominica,58.17,1.764699063798368
2010,DM,Dominica,52.17,1.7174208367223749
2011,DM,Dominica,150.17,2.176583180765493
2005,DO,Dominican Republic,58.24,1.7652213663049807
2006,DO,Dominican Republic,80.47,1.9056340013269548
2007,DO,Dominican Republic,94.76,1.9766250520507276
2008,DO,Dominican Republic,80.4,1.9052560487484513
2009,DO,Dominican Republic,80.56,1.9061194575455616
2010,DO,Dominican Republic,107.01,2.0294243640580163
2011,DO,Dominican Republic,94.16,1.9738664498353782
2005,V2,Early-demographic dividend,100.42,2.001820217038328
2006,V2,Early-demographic dividend,105.11,2.021644036087443
2007,V2,Early-demographic dividend,108.91,2.0370677580425576
2008,V2,Early-demographic dividend,109.51,2.0394537789617364
2009,V2,Early-demographic dividend,115.37,2.062092892630169
2010,V2,Early-demographic dividend,122.17,2.0869645738770513
2011,V2,Early-demographic dividend,124.41,2.0948552900836805
2005,Z4,East Asia & Pacific,269.54,2.4306232240319146
2006,Z4,East Asia & Pacific,282.75,2.451402613597493
2007,Z4,East Asia & Pacific,301.17,2.4788117089518154
2008,Z4,East Asia & Pacific,301.12,2.478739601747163
2009,Z4,East Asia & Pacific,302.55,2.4807971572684466
2010,Z4,East Asia & Pacific,319.36,2.5042805196072773
2011,Z4,East Asia & Pacific,321.48,2.5071539596558337
2005,EC,Ecuador,150.83,2.1784877310473982
2006,EC,Ecuador,207.79,2.3176246430800584
2007,EC,Ecuador,199.11,2.299093072361705
2008,EC,Ecuador,214.12,2.330657234711394
2009,EC,Ecuador,187.28,2.272491400688568
2010,EC,Ecuador,252.07,2.401521161385542
2011,EC,Ecuador,275.36,2.439900852983485
2005,EG,"Egypt, Arab Rep.",672.88,2.827937619967481
2006,EG,"Egypt, Arab Rep.",492.12,2.6920710153351095
2007,EG,"Egypt, Arab Rep.",521.79,2.7174957516778955
2008,EG,"Egypt, Arab Rep.",696.59,2.8429772355887812
2009,EG,"Egypt, Arab Rep.",502.83,2.7014211807994895
2010,EG,"Egypt, Arab Rep.",602.99,2.7803101098502165
2011,EG,"Egypt, Arab Rep.",602.87,2.780223673053241
2005,SV,El Salvador,130.6,2.115943176939055
2006,SV,El Salvador,108.77,2.03650912853273
2007,SV,El Salvador,152.61,2.1835829923510173
2008,SV,El Salvador,127.9,2.106870544478654
2009,SV,El Salvador,117.32,2.0693720543085146
2010,SV,El Salvador,179.36,2.253725595250898
2011,SV,El Salvador,186.78,2.271330371066159
2005,EE,Estonia,60.95,1.7849737099544007
2006,EE,Estonia,75.65,1.8788089323592057
2007,EE,Estonia,75.87,1.8800700840640672
2008,EE,Estonia,100.36,2.001560652642573
2009,EE,Estonia,69.41,1.8414220444023592
2010,EE,Estonia,68.39,1.83499260373303
2011,EE,Estonia,71.52,1.8544275057878612
2005,ET,Ethiopia,10.9,1.0374264979406236
2006,ET,Ethiopia,11.13,1.0464951643347082
2007,ET,Ethiopia,16.04,1.2052043639481447
2008,ET,Ethiopia,17.2,1.235528446907549
2009,ET,Ethiopia,17.66,1.2469906992415498
2010,ET,Ethiopia,21.85,1.3394514413064407
2011,ET,Ethiopia,20.82,1.3184807251745174
2005,XC,Euro area,179.39,2.2537982298682495
2006,XC,Euro area,174.52,2.2418452043147825
2007,XC,Euro area,186.97,2.27177192803563
2008,XC,Euro area,143.97,2.158272004652084
2009,XC,Euro area,128.82,2.109983294819892
2010,XC,Euro area,156,2.1931245983544616
2011,XC,Euro area,147.65,2.169233451301097
2005,Z7,Europe & Central Asia,70.03,1.8452841263479915
2006,Z7,Europe & Central Asia,72.69,1.8614746688571686
2007,Z7,Europe & Central Asia,77.53,1.8894697839695074
2008,Z7,Europe & Central Asia,67.51,1.8293681079888202
2009,Z7,Europe & Central Asia,65.79,1.8181598863971853
2010,Z7,Europe & Central Asia,73.04,1.8635607645262426
2011,Z7,Europe & Central Asia,72.59,1.8608767964032977
2005,7E,Europe & Central Asia (excluding high income),25.66,1.4092566520389096
2006,7E,Europe & Central Asia (excluding high income),31.81,1.5025636691073634
2007,7E,Europe & Central Asia (excluding high income),33.94,1.5307118379816569
2008,7E,Europe & Central Asia (excluding high income),33.73,1.5280163411892014
2009,7E,Europe & Central Asia (excluding high income),37.91,1.5787537844264345
2010,7E,Europe & Central Asia (excluding high income),37.89,1.5785246052749933
2011,7E,Europe & Central Asia (excluding high income),40.06,1.6027109449575574
2005,T7,Europe & Central Asia (IDA & IBRD countries),33.34,1.5229655954919865
2006,T7,Europe & Central Asia (IDA & IBRD countries),39.28,1.594171479114912
2007,T7,Europe & Central Asia (IDA & IBRD countries),42.17,1.6250036010148634
2008,T7,Europe & Central Asia (IDA & IBRD countries),41.28,1.6157396886191548
2009,T7,Europe & Central Asia (IDA & IBRD countries),43.62,1.6396856612426813
2010,T7,Europe & Central Asia (IDA & IBRD countries),45.09,1.6540802353065707
2011,T7,Europe & Central Asia (IDA & IBRD countries),46.85,1.6707095952237971
2005,EU,European Union,160.18,2.2046082893270356
2006,EU,European Union,156.83,2.1954291424570624
2007,EU,European Union,169,2.2278867046136734
2008,EU,European Union,138.38,2.1410733262674753
2009,EU,European Union,124.67,2.0957619594775005
2010,EU,European Union,147.03,2.167405957232292
2011,EU,European Union,142.26,2.1530828043618317
2005,FJ,Fiji,39.18,1.5930644316587175
2006,FJ,Fiji,25.12,1.4000196350651586
2007,FJ,Fiji,23.94,1.3791241460703918
2008,FJ,Fiji,41.12,1.6140531059872192
2009,FJ,Fiji,21.81,1.3386556655787003
2010,FJ,Fiji,16.35,1.213517756996305
2011,FJ,Fiji,35.48,1.5499836111596887
2005,FI,Finland,134.22,2.1278172344802733
2006,FI,Finland,134.5,2.128722284338427
2007,FI,Finland,123.5,2.0916669575956846
2008,FI,Finland,130.58,2.1158766642684443
2009,FI,Finland,107.98,2.033343323135224
2010,FI,Finland,124.08,2.0937017848055484
2011,FI,Finland,80.23,1.904336792202495
2005,FR,France,192.46,2.2843404814580968
2006,FR,France,190.38,2.279621322484056
2007,FR,France,209.34,2.3208522198317545
2008,FR,France,152.45,2.1831274287013995
2009,FR,France,120.56,2.0812032393065754
2010,FR,France,150.54,2.1776519116982542
2011,FR,France,141.3,2.1501421618485588
2005,PF,French Polynesia,251.33,2.4002443312381505
2006,PF,French Polynesia,262,2.4183012913197452
2007,PF,French Polynesia,279.67,2.4466458824128967
2008,PF,French Polynesia,307.33,2.487604955956124
2009,PF,French Polynesia,272.4,2.4352071032407476
2010,PF,French Polynesia,326.4,2.5137501500818233
2011,PF,French Polynesia,305.2,2.484584529282843
2005,GA,Gabon,8.34,0.9211660506377387
2006,GA,Gabon,8.46,0.9273703630390235
2007,GA,Gabon,9.06,0.9571281976768131
2008,GA,Gabon,10.52,1.0220157398177203
2009,GA,Gabon,12.02,1.0799044676667207
2010,GA,Gabon,3.16,0.49968708261840383
2011,GA,Gabon,5.65,0.7520484478194386
2005,GM,"Gambia, The",9.76,0.9894498176666918
2006,GM,"Gambia, The",10.83,1.0346284566253203
2007,GM,"Gambia, The",8.98,0.9532763366673044
2008,GM,"Gambia, The",4.26,0.6294095991027189
2009,GM,"Gambia, The",6.34,0.8020892578817327
2010,GM,"Gambia, The",7.3,0.8633228601204559
2011,GM,"Gambia, The",10.28,1.011993114659257
2005,GE,Georgia,53.29,1.7266457202409118
2006,GE,Georgia,47.53,1.6769678142947586
2007,GE,Georgia,41.34,1.6163704722912695
2008,GE,Georgia,37.53,1.5743785644130823
2009,GE,Georgia,43.25,1.635986111800833
2010,GE,Georgia,33.65,1.5269850685599957
2011,GE,Georgia,114.46,2.0586537415723702
2005,DE,Germany,208.76,2.3196472881834227
2006,DE,Germany,194.42,2.288740938794287
2007,DE,Germany,221.87,2.3460985833709906
2008,DE,Germany,159.58,2.2029784607370653
2009,DE,Germany,181.41,2.2586612233256043
2010,DE,Germany,211.6,2.325515663363148
2011,DE,Germany,191.49,2.2821460991494678
2005,GH,Ghana,6,0.7781512503836436
2006,GH,Ghana,20.06,1.3023309286843994
2007,GH,Ghana,17.76,1.2494429614425822
2008,GH,Ghana,14.55,1.162862993321926
2009,GH,Ghana,18.98,1.2782962080912739
2010,GH,Ghana,18.7,1.271841606536499
2011,GH,Ghana,13.23,1.121559844187501
2005,GR,Greece,143.04,2.1554575014518425
2006,GR,Greece,124.63,2.0956225950216223
2007,GR,Greece,96.9,1.9863237770507653
2008,GR,Greece,119.05,2.0757293997408985
2009,GR,Greece,63.1,1.8000293592441343
2010,GR,Greece,122.5,2.0881360887005513
2011,GR,Greece,159.71,2.203332109681706
2005,GT,Guatemala,141.69,2.1513392002963623
2006,GT,Guatemala,136.04,2.1336666232606847
2007,GT,Guatemala,123.77,2.0926153909415546
2008,GT,Guatemala,92.01,1.963835030702148
2009,GT,Guatemala,127.07,2.104043029922009
2010,GT,Guatemala,189.15,2.276806345628763
2011,GT,Guatemala,223.17,2.3486358134280443
2005,GN,Guinea,0.92,-0.036212172654444715
2006,GN,Guinea,0.88,-0.05551732784983137
2007,GN,Guinea,1.21,0.08278537031645007
2008,GN,Guinea,1.3,0.11394335230683679
2009,GN,Guinea,0.63,-0.2006594505464183
2010,GN,Guinea,0.93,-0.03151705144606486
2011,GN,Guinea,3.58,0.5538830266438743
2005,GY,Guyana,22.1,1.3443922736851108
2006,GY,Guyana,32.58,1.5129510799724906
2007,GY,Guyana,32.65,1.5138831856110928
2008,GY,Guyana,56.8,1.7543483357110188
2009,GY,Guyana,20.25,1.3064250275506875
2010,GY,Guyana,39.32,1.594613509160098
2011,GY,Guyana,27.84,1.4446692309385245
2005,XE,Heavily indebted poor countries (HIPC),8.16,0.9116901587538612
2006,XE,Heavily indebted poor countries (HIPC),9.1,0.9590413923210935
2007,XE,Heavily indebted poor countries (HIPC),10,1
2008,XE,Heavily indebted poor countries (HIPC),9.13,0.960470777534299
2009,XE,Heavily indebted poor countries (HIPC),8.69,0.9390197764486664
2010,XE,Heavily indebted poor countries (HIPC),11.11,1.0457140589408676
2011,XE,Heavily indebted poor countries (HIPC),11.2,1.0492180226701815
2005,XD,High income,119.64,2.0778764043592806
2006,XD,High income,119.47,2.077258863692948
2007,XD,High income,125.63,2.0990933597730996
2008,XD,High income,109.05,2.037625669914719
2009,XD,High income,99.58,1.9981721219394406
2010,XD,High income,112.62,2.05161552300499
2011,XD,High income,119.09,2.075875295259833
2005,HN,Honduras,160.85,2.2064210652379885
2006,HN,Honduras,188.84,2.2760939917592173
2007,HN,Honduras,178,2.250420002308894
2008,HN,Honduras,107.73,2.0323366598457357
2009,HN,Honduras,62.32,1.794627444664508
2010,HN,Honduras,64.72,1.8110385086042158
2011,HN,Honduras,104.07,2.0173255545617224
2005,HK,"Hong Kong SAR, China",365.8,2.563243701140398
2006,HK,"Hong Kong SAR, China",390,2.591064607026499
2007,HK,"Hong Kong SAR, China",421,2.6242820958356683
2008,HK,"Hong Kong SAR, China",99,1.99563519459755
2009,HK,"Hong Kong SAR, China",38,1.5797835966168101
2010,HK,"Hong Kong SAR, China",616.29,2.7897851208702935
2011,HK,"Hong Kong SAR, China",790.57,2.897940330014973
2005,HU,Hungary,85.2,1.9304395947667001
2006,HU,Hungary,99.2,1.9965116721541787
2007,HU,Hungary,110.41,2.0430084098799517
2008,HU,Hungary,96.7,1.9854264740830017
2009,HU,Hungary,77.48,1.8891896120470733
2010,HU,Hungary,84.33,1.9259821003271032
2011,HU,Hungary,93.29,1.9698350930757975
2005,XF,IBRD only,135.61,2.1322917159668027
2006,XF,IBRD only,142.03,2.152380087047603
2007,XF,IBRD only,152.08,2.182072103857387
2008,XF,IBRD only,152.68,2.183782151277061
2009,XF,IBRD only,154.52,2.188984699472783
2010,XF,IBRD only,165.36,2.218430463619232
2011,XF,IBRD only,170.95,2.2328691051326133
2005,IS,Iceland,133.56,2.1256764103823333
2006,IS,Iceland,167.82,2.2248437167551707
2007,IS,Iceland,194.17,2.2881821306136576
2008,IS,Iceland,199.88,2.3007693407705494
2009,IS,Iceland,123.85,2.092896010921856
2010,IS,Iceland,148.7,2.172310968521954
2011,IS,Iceland,159.17,2.2018612162772624
2005,ZT,IDA & IBRD total,110.89,2.0448923834743598
2006,ZT,IDA & IBRD total,116.1,2.064832219738574
2007,ZT,IDA & IBRD total,123.02,2.089975722687729
2008,ZT,IDA & IBRD total,123.15,2.090434416175122
2009,ZT,IDA & IBRD total,125.29,2.0979164092373255
2010,ZT,IDA & IBRD total,133.46,2.1253511205147526
2011,ZT,IDA & IBRD total,137.31,2.137702167146962
2005,XH,IDA blend,51.28,1.709948016510761
2006,XH,IDA blend,58.75,1.769007870943774
2007,XH,IDA blend,53.89,1.7315081835960253
2008,XH,IDA blend,54.42,1.735758537443739
2009,XH,IDA blend,66.71,1.8241909406525831
2010,XH,IDA blend,66.38,1.822037248072585
2011,XH,IDA blend,62.26,1.7942091163464964
2005,XI,IDA only,20.2,1.3053513694466237
2006,XI,IDA only,21.06,1.3234583668494677
2007,XI,IDA only,21.52,1.3328422669943516
2008,XI,IDA only,20.87,1.319522449065454
2009,XI,IDA only,19.25,1.2844307338445196
2010,XI,IDA only,21.52,1.3328422669943516
2011,XI,IDA only,24.2,1.3838153659804313
2005,XG,IDA total,31.11,1.4929000111087034
2006,XG,IDA total,34.81,1.5417040232842885
2007,XG,IDA total,33.16,1.5206145218782359
2008,XG,IDA total,32.66,1.5140161804006493
2009,XG,IDA total,35.19,1.5464192668351917
2010,XG,IDA total,36.61,1.563599728881531
2011,XG,IDA total,37.03,1.5685537120494426
2005,IN,India,127.61,2.105884708669233
2006,IN,India,136.4,2.13481437032046
2007,IN,India,142.84,2.154849841520744
2008,IN,India,153.35,2.185683780318504
2009,IN,India,167.46,2.223911086872275
2010,IN,India,179.04,2.252950069184275
2011,IN,India,180.75,2.2570783059665684
2005,ID,Indonesia,143.99,2.158332331708981
2006,ID,Indonesia,158.02,2.1987120574604013
2007,ID,Indonesia,181.46,2.2587809065412605
2008,ID,Indonesia,184.53,2.26606698174341
2009,ID,Indonesia,181.64,2.259211493228929
2010,ID,Indonesia,181.52,2.2589244828768797
2011,ID,Indonesia,198.42,2.2975854452973463
2005,IR,"Iran, Islamic Rep.",95.05,1.977952121201462
2006,IR,"Iran, Islamic Rep.",113.96,2.0567524405674393
2007,IR,"Iran, Islamic Rep.",90.04,1.9544354863284823
2008,IR,"Iran, Islamic Rep.",99.85,1.9993480692067214
2009,IR,"Iran, Islamic Rep.",75.98,1.8806992892187016
2010,IR,"Iran, Islamic Rep.",57.83,1.7621531923035947
2011,IR,"Iran, Islamic Rep.",31.73,1.5014700721004122
2005,IQ,Iraq,41.61,1.6191977157929474
2006,IQ,Iraq,46.25,1.6651117370750514
2007,IQ,Iraq,37.57,1.5748411950633847
2008,IQ,Iraq,56.94,1.7554174628109362
2009,IQ,Iraq,72.49,1.8602780997522348
2010,IQ,Iraq,34.29,1.5351674851149442
2011,IQ,Iraq,39.1,1.5921767573958667
2005,IE,Ireland,458.04,2.6609034059967236
2006,IE,Ireland,431.88,2.635363092700536
2007,IE,Ireland,427.52,2.630956436459433
2008,IE,Ireland,378.11,2.577618163443966
2009,IE,Ireland,477.37,2.678855122580575
2010,IE,Ireland,462.44,2.6650553925144296
2011,IE,Ireland,430.48,2.6339529790384373
2005,IL,Israel,292.6,2.466274321789292
2006,IL,Israel,304.95,2.48422863769372
2007,IL,Israel,345,2.537819095073274
2008,IL,Israel,280.61,2.448103143768015
2009,IL,Israel,200.46,2.302027726021775
2010,IL,Israel,206.4,2.314709692955174
2011,IL,Israel,251.61,2.4007278977371214
2005,IT,Italy,171.75,2.234896745731588
2006,IT,Italy,177.03,2.2480468693586615
2007,IT,Italy,190.23,2.279279007906624
2008,IT,Italy,143.48,2.156791368003929
2009,IT,Italy,120.11,2.079579166970131
2010,IT,Italy,122.75,2.089021500795006
2011,IT,Italy,134.32,2.1281406831299923
2005,JM,Jamaica,115.84,2.0638585488530716
2006,JM,Jamaica,63.52,1.80291048941904
2007,JM,Jamaica,36.22,1.5589484459780396
2008,JM,Jamaica,37.64,1.5756496147552193
2009,JM,Jamaica,58.19,1.7648483571934108
2010,JM,Jamaica,62.62,1.7967130632808965
2011,JM,Jamaica,71.17,1.8522969658269255
2005,JP,Japan,347.97,2.541541803153256
2006,JP,Japan,332.83,2.5222224649962564
2007,JP,Japan,350.47,2.544650848573516
2008,JP,Japan,278.23,2.4444039557495514
2009,JP,Japan,238.93,2.378270683096358
2010,JP,Japan,259.83,2.4146892933200452
2011,JP,Japan,263.88,2.421406475408415
2005,JO,Jordan,784.02,2.8943271414839926
2006,JO,Jordan,693.47,2.8410276779309025
2007,JO,Jordan,1007.78,3.0033657352701706
2008,JO,Jordan,337.44,2.528196562395411
2009,JO,Jordan,394.86,2.5964431411836397
2010,JO,Jordan,187.72,2.273510545540457
2011,JO,Jordan,1227.59,3.0890533419929977
2005,KZ,Kazakhstan,1.43,0.1553360374650618
2006,KZ,Kazakhstan,1.45,0.16136800223497488
2007,KZ,Kazakhstan,2.06,0.31386722036915343
2008,KZ,Kazakhstan,1.08,0.03342375548694973
2009,KZ,Kazakhstan,1.97,0.2944662261615929
2010,KZ,Kazakhstan,2.05,0.31175386105575426
2011,KZ,Kazakhstan,3,0.47712125471966244
2005,KE,Kenya,34.33,1.53567380342575
2006,KE,Kenya,33.15,1.520483532740792
2007,KE,Kenya,36.4,1.561101383649056
2008,KE,Kenya,33.29,1.5223137951566674
2009,KE,Kenya,31.86,1.5032457714651126
2010,KE,Kenya,30.35,1.4821586954112764
2011,KE,Kenya,43.58,1.639287225910237
2005,KR,South Korea,643.36,2.808454055758836
2006,KR,South Korea,469.85,2.6719592311913676
2007,KR,South Korea,511.04,2.708454894458389
2008,KR,South Korea,441.05,2.6444878264138585
2009,KR,South Korea,331.96,2.5210857559153226
2010,KR,South Korea,336.05,2.526403899736798
2011,KR,South Korea,334.91,2.524928115231658
2005,KW,Kuwait,4349.09,3.638398395041501
2006,KW,Kuwait,2090.91,3.3203353396830146
2007,KW,Kuwait,0.001,-3
2008,KW,Kuwait,1261.95,3.1010421479712917
2009,KW,Kuwait,57.14,1.7569402360467241
2010,KW,Kuwait,884,2.946452265013073
2011,KW,Kuwait,971.81,2.987581363673761
2005,KG,Kyrgyz Republic,24.63,1.3914644118391033
2006,KG,Kyrgyz Republic,22.2,1.3463529744506386
2007,KG,Kyrgyz Republic,22.45,1.351216345339342
2008,KG,Kyrgyz Republic,18.97,1.2780673308886625
2009,KG,Kyrgyz Republic,22.07,1.343802333161655
2010,KG,Kyrgyz Republic,22.66,1.3552599055273784
2011,KG,Kyrgyz Republic,19.17,1.2826221128780626
2005,V3,Late-demographic dividend,169.7,2.229681842317676
2006,V3,Late-demographic dividend,176.45,2.246621662695988
2007,V3,Late-demographic dividend,191.21,2.281510601492656
2008,V3,Late-demographic dividend,189.25,2.2770358881721102
2009,V3,Late-demographic dividend,188.89,2.2762089666048584
2010,V3,Late-demographic dividend,203.08,2.3076671547325676
2011,V3,Late-demographic dividend,211.26,2.3248172754538277
2005,ZJ,Latin America & Caribbean,97,1.9867717342662448
2006,ZJ,Latin America & Caribbean,99.48,1.9977357765978985
2007,ZJ,Latin America & Caribbean,119.9,2.0788191830988487
2008,ZJ,Latin America & Caribbean,103.24,2.0138479958718314
2009,ZJ,Latin America & Caribbean,88.93,1.9490482923156638
2010,ZJ,Latin America & Caribbean,112.65,2.0517311960598494
2011,ZJ,Latin America & Caribbean,128.6,2.109240968588203
2005,XJ,Latin America & Caribbean (excluding high income),109.29,2.0385804259615785
2006,XJ,Latin America & Caribbean (excluding high income),111.59,2.047625277581784
2007,XJ,Latin America & Caribbean (excluding high income),137.17,2.1372591386367676
2008,XJ,Latin America & Caribbean (excluding high income),116.76,2.0672940863159766
2009,XJ,Latin America & Caribbean (excluding high income),101.87,2.0080463061583504
2010,XJ,Latin America & Caribbean (excluding high income),132.45,2.12205196263325
2011,XJ,Latin America & Caribbean (excluding high income),152.52,2.183326796601633
2005,T2,Latin America & the Caribbean (IDA & IBRD countries),98.79,1.9947129854315702
2006,T2,Latin America & the Caribbean (IDA & IBRD countries),101.05,2.004536317851323
2007,T2,Latin America & the Caribbean (IDA & IBRD countries),121.83,2.0857542442096992
2008,T2,Latin America & the Caribbean (IDA & IBRD countries),104.57,2.0194071080188833
2009,T2,Latin America & the Caribbean (IDA & IBRD countries),90.49,1.9566005882131767
2010,T2,Latin America & the Caribbean (IDA & IBRD countries),114.4,2.0584260244570056
2011,T2,Latin America & the Caribbean (IDA & IBRD countries),130.37,2.1151776655262493
2005,LV,Latvia,68.04,1.8327643049405316
2006,LV,Latvia,62.66,1.7969903905456863
2007,LV,Latvia,67.72,1.8307169494368976
2008,LV,Latvia,66.95,1.8257505813480277
2009,LV,Latvia,64.88,1.8121108412030995
2010,LV,Latvia,77.65,1.8901414600645774
2011,LV,Latvia,83.23,1.9202798946329485
2005,LB,Lebanon,313.76,2.4965975763237087
2006,LB,Lebanon,297.87,2.4740267654153287
2007,LB,Lebanon,320.1,2.5052856741441323
2008,LB,Lebanon,219.59,2.341612558712002
2009,LB,Lebanon,234.29,2.369753752372034
2010,LB,Lebanon,296.74,2.4723760923511584
2011,LB,Lebanon,409.1,2.6118294794983736
2005,LY,Libya,67.13,1.8269166471849203
2006,LY,Libya,42.31,1.6264430253312947
2007,LY,Libya,60.96,1.7850449583315442
2008,LY,Libya,27.27,1.4356851379416298
2009,LY,Libya,33.67,1.5272431163880886
2010,LY,Libya,18.66,1.2709116394104811
2011,LY,Libya,38.61,1.5866998016240492
2005,LT,Lithuania,97.56,1.989271791641693
2006,LT,Lithuania,102.17,2.0093233933810133
2007,LT,Lithuania,90.07,1.9545801627437573
2008,LT,Lithuania,86.68,1.9379189026477803
2009,LT,Lithuania,44.26,1.646011409591239
2010,LT,Lithuania,103.53,2.0150662140111493
2011,LT,Lithuania,77.63,1.8900295861634169
2005,XO,Low & middle income,111.79,2.04840295615274
2006,XO,Low & middle income,117.14,2.068705219691941
2007,XO,Low & middle income,123.99,2.0933866600013706
2008,XO,Low & middle income,124.59,2.0954831858295404
2009,XO,Low & middle income,127.64,2.105986795521473
2010,XO,Low & middle income,135.79,2.1328677883190843
2011,XO,Low & middle income,139.82,2.145569297792989
2005,XM,Low income,10.58,1.024485667699167
2006,XM,Low income,11.54,1.0622058088197126
2007,XM,Low income,12.19,1.086003705618382
2008,XM,Low income,11.89,1.0751818546186915
2009,XM,Low income,10.68,1.0285712526925377
2010,XM,Low income,11.66,1.0666985504229953
2011,XM,Low income,12.05,1.0809870469108873
2005,XN,Lower middle income,93.84,1.9723879991074729
2006,XN,Lower middle income,97.99,1.9911817576678732
2007,XN,Lower middle income,102.41,2.0103423661395676
2008,XN,Lower middle income,107.38,2.030923399627219
2009,XN,Lower middle income,115.61,2.062995401186467
2010,XN,Lower middle income,121.37,2.084111351940677
2011,XN,Lower middle income,123.34,2.091103944090286
2005,LU,Luxembourg,313.15,2.495752416037327
2006,LU,Luxembourg,293.63,2.467800425116173
2007,LU,Luxembourg,276.41,2.441553750953457
2008,LU,Luxembourg,250.52,2.39884240302927
2009,LU,Luxembourg,244.58,2.388420940661169
2010,LU,Luxembourg,258.19,2.4119394175240436
2011,LU,Luxembourg,270.61,2.4323438412807263
2005,MK,"Macedonia, FYR",62.02,1.7925317619013077
2006,MK,"Macedonia, FYR",57.47,1.7594411971336976
2007,MK,"Macedonia, FYR",67.12,1.826851947820644
2008,MK,"Macedonia, FYR",56.16,1.7494270991217489
2009,MK,"Macedonia, FYR",56.7,1.7535830588929067
2010,MK,"Macedonia, FYR",67.11,1.826787238816292
2011,MK,"Macedonia, FYR",63.62,1.8035936647713446
2005,MG,Madagascar,5.45,0.7363965022766424
2006,MG,Madagascar,2.47,0.39269695325966575
2007,MG,Madagascar,3.19,0.5037906830571811
2008,MG,Madagascar,4.14,0.617000341120899
2009,MG,Madagascar,2.27,0.35602585719312274
2010,MG,Madagascar,2.42,0.38381536598043126
2011,MG,Madagascar,3.16,0.49968708261840383
2005,MW,Malawi,30.49,1.4841574243653806
2006,MW,Malawi,36.82,1.566083784167996
2007,MW,Malawi,41.72,1.6203442997544932
2008,MW,Malawi,34.87,1.5424519473759766
2009,MW,Malawi,30.85,1.4892551683692605
2010,MW,Malawi,35.38,1.5487578285737043
2011,MW,Malawi,29.52,1.470116353151004
2005,MY,Malaysia,1457.36,3.1635668453193664
2006,MY,Malaysia,1662.1,3.2206571494972502
2007,MY,Malaysia,1836.52,3.2639956622442545
2008,MY,Malaysia,2026.9,3.3068323226843757
2009,MY,Malaysia,1527.6,3.18400964970128
2010,MY,Malaysia,2002.72,3.3016202348876114
2011,MY,Malaysia,1553.74,3.1913783465032526
2005,MV,Maldives,29.67,1.4723175463168419
2006,MV,Maldives,117.67,2.070665753453728
2007,MV,Maldives,87.33,1.9411634601584733
2008,MV,Maldives,16.75,1.224014811372864
2009,MV,Maldives,98.5,1.9934362304976116
2010,MV,Maldives,94.36,1.9747879322135578
2011,MV,Maldives,36.67,1.5643109099606027
2005,ML,Mali,15.69,1.1956229435869368
2006,ML,Mali,17.5,1.2430380486862944
2007,ML,Mali,31.05,1.492061604512599
2008,ML,Mali,22.48,1.3517963068970236
2009,ML,Mali,6.09,0.7846172926328754
2010,ML,Mali,19.6,1.2922560713564761
2011,ML,Mali,22.01,1.342620042553348
2005,MT,Malta,105.61,2.0237050426220375
2006,MT,Malta,148,2.1702617153949575
2007,MT,Malta,110.75,2.044343734895107
2008,MT,Malta,74,1.8692317197309762
2009,MT,Malta,54.25,1.734399742520567
2010,MT,Malta,63.77,1.8046164169872552
2011,MT,Malta,91.85,1.9630791606418272
2005,MU,Mauritius,352.15,2.54672769272835
2006,MU,Mauritius,257.87,2.411400820260078
2007,MU,Mauritius,282.22,2.4505877875255604
2008,MU,Mauritius,228.78,2.359418055657314
2009,MU,Mauritius,227.96,2.357858648301793
2010,MU,Mauritius,163.2,2.2127201544178425
2011,MU,Mauritius,243.23,2.386017139806847
2005,MX,Mexico,79.19,1.8986703429655298
2006,MX,Mexico,69.03,1.839037873388306
2007,MX,Mexico,75.04,1.8752928253710082
2008,MX,Mexico,52.16,1.7173375827238637
2009,MX,Mexico,51.92,1.715334683792313
2010,MX,Mexico,75.06,1.8754085600770636
2011,MX,Mexico,72.88,1.8626083639649418
2005,ZQ,Middle East & North Africa,100.73,2.003158833950862
2006,ZQ,Middle East & North Africa,97.17,1.9875322027298394
2007,ZQ,Middle East & North Africa,92.47,1.966000857628784
2008,ZQ,Middle East & North Africa,99.07,1.9959421629925507
2009,ZQ,Middle East & North Africa,82.28,1.9152942830226865
2010,ZQ,Middle East & North Africa,81.5,1.9111576087399766
2011,ZQ,Middle East & North Africa,85.2,1.9304395947667001
2005,XQ,Middle East & North Africa (excluding high income),98.04,1.9914033025800404
2006,XQ,Middle East & North Africa (excluding high income),93.81,1.9722491359625958
2007,XQ,Middle East & North Africa (excluding high income),86.76,1.9383195433421556
2008,XQ,Middle East & North Africa (excluding high income),98.34,1.9927302039541428
2009,XQ,Middle East & North Africa (excluding high income),81.59,1.9116369331294423
2010,XQ,Middle East & North Africa (excluding high income),77.44,1.8889653443003371
2011,XQ,Middle East & North Africa (excluding high income),75.79,1.8796119070658508
2005,T3,Middle East & North Africa (IDA & IBRD countries),98.04,1.9914033025800404
2006,T3,Middle East & North Africa (IDA & IBRD countries),93.81,1.9722491359625958
2007,T3,Middle East & North Africa (IDA & IBRD countries),86.76,1.9383195433421556
2008,T3,Middle East & North Africa (IDA & IBRD countries),98.34,1.9927302039541428
2009,T3,Middle East & North Africa (IDA & IBRD countries),81.59,1.9116369331294423
2010,T3,Middle East & North Africa (IDA & IBRD countries),77.44,1.8889653443003371
2011,T3,Middle East & North Africa (IDA & IBRD countries),75.79,1.8796119070658508
2005,XP,Middle income,124.08,2.0937017848055484
2006,XP,Middle income,129.99,2.113909943754037
2007,XP,Middle income,137.92,2.1396272484806373
2008,XP,Middle income,139.1,2.143327129992046
2009,XP,Middle income,142.98,2.1552752927300998
2010,XP,Middle income,152.41,2.1830134630819296
2011,XP,Middle income,157.41,2.1970323189180014
2005,MD,Moldova,9,0.9542425094393249
2006,MD,Moldova,8.46,0.9273703630390235
2007,MD,Moldova,11.02,1.0421815945157662
2008,MD,Moldova,12.45,1.095169351431755
2009,MD,Moldova,9.36,0.9712758487381052
2010,MD,Moldova,11.06,1.0437551269686796
2011,MD,Moldova,13.05,1.1156105116742998
2005,MN,Mongolia,5.26,0.7209857441537391
2006,MN,Mongolia,9.36,0.9712758487381052
2007,MN,Mongolia,8.56,0.9324737646771533
2008,MN,Mongolia,8.32,0.9201233262907239
2009,MN,Mongolia,12.17,1.085290578230065
2010,MN,Mongolia,18.05,1.2564772062416767
2011,MN,Mongolia,22.86,1.3590762260592628
2005,MA,Morocco,63.79,1.8047526021504605
2006,MA,Morocco,60.17,1.7793800114916558
2007,MA,Morocco,58.83,1.7695988483874465
2008,MA,Morocco,53.83,1.731024379815688
2009,MA,Morocco,41.07,1.6135247028536523
2010,MA,Morocco,57.17,1.7571681922142726
2011,MA,Morocco,59.12,1.7717344253867693
2005,MZ,Mozambique,1.43,0.1553360374650618
2006,MZ,Mozambique,4.64,0.6665179805548809
2007,MZ,Mozambique,2.66,0.424881636631067
2008,MZ,Mozambique,11.42,1.0576661039098292
2009,MZ,Mozambique,4.03,0.6053050461411095
2010,MZ,Mozambique,8.2,0.9138138523837167
2011,MZ,Mozambique,7.36,0.8668778143374989
2005,MM,Myanmar,6.52,0.8142475957319202
2006,MM,Myanmar,9.02,0.9552065375419417
2007,MM,Myanmar,15.77,1.1978316933289028
2008,MM,Myanmar,7.61,0.8813846567705729
2009,MM,Myanmar,6.24,0.795184589682424
2010,MM,Myanmar,6.64,0.8221680793680175
2011,MM,Myanmar,15,1.1760912590556813
2005,NA,Namibia,1.91,0.28103336724772754
2006,NA,Namibia,2.85,0.4548448600085102
2007,NA,Namibia,2.46,0.39093510710337914
2008,NA,Namibia,0.29,-0.5376020021010439
2009,NA,Namibia,1.59,0.2013971243204515
2010,NA,Namibia,4.43,0.6464037262230695
2011,NA,Namibia,6.61,0.8202014594856403
2005,NP,Nepal,3.57,0.5526682161121932
2006,NP,Nepal,5.64,0.7512791039833423
2007,NP,Nepal,1.61,0.20682587603184974
2008,NP,Nepal,1.36,0.13353890837021754
2009,NP,Nepal,18.2,1.2600713879850747
2010,NP,Nepal,25.09,1.3995006613146106
2011,NP,Nepal,35.81,1.554004321011903
2005,NL,Netherlands,337.81,2.528672501601294
2006,NL,Netherlands,353.15,2.547959210587186
2007,NL,Netherlands,302.14,2.4802082248737753
2008,NL,Netherlands,267.71,2.4276645940621853
2009,NL,Netherlands,238.17,2.3768870566640485
2010,NL,Netherlands,293.33,2.467356482237898
2011,NL,Netherlands,246.81,2.392362752025857
2005,NC,New Caledonia,282.5,2.4510184521554574
2006,NC,New Caledonia,240,2.380211241711606
2007,NC,New Caledonia,267.65,2.4275672477194505
2008,NC,New Caledonia,199.41,2.299746933493803
2009,NC,New Caledonia,99.41,1.9974300737974713
2010,NC,New Caledonia,150,2.1760912590556813
2011,NC,New Caledonia,209.38,2.320935195468595
2005,NZ,New Zealand,2718.69,3.4343596897630064
2006,NZ,New Zealand,2494.98,3.397067068626963
2007,NZ,New Zealand,2304.61,3.362597442012673
2008,NZ,New Zealand,1726.61,3.2371942518839782
2009,NZ,New Zealand,1271.82,3.1044256501973218
2010,NZ,New Zealand,1270.64,3.1040225228911362
2011,NZ,New Zealand,1780.61,3.250568808067768
2005,NI,Nicaragua,28.11,1.4488608456074408
2006,NI,Nicaragua,32.63,1.513617073787875
2007,NI,Nicaragua,31.47,1.4978967429132204
2008,NI,Nicaragua,27.11,1.4331295175804855
2009,NI,Nicaragua,34.69,1.5402042998420598
2010,NI,Nicaragua,34.74,1.5408298141110799
2011,NI,Nicaragua,51.57,1.7123971314067148
2005,NE,Niger,0.39,-0.4089353929735008
2006,NE,Niger,0.53,-0.27572413039921095
2007,NE,Niger,0.35,-0.4559319556497244
2008,NE,Niger,0.15,-0.8239087409443188
2009,NE,Niger,0.35,-0.4559319556497244
2010,NE,Niger,0.5,-0.3010299956639812
2011,NE,Niger,0.49,-0.3098039199714864
2005,NG,Nigeria,7.2,0.8573324964312685
2006,NG,Nigeria,10.04,1.0017337128090005
2007,NG,Nigeria,4.21,0.6242820958356683
2008,NG,Nigeria,5.88,0.7693773260761385
2009,NG,Nigeria,5.26,0.7209857441537391
2010,NG,Nigeria,12.21,1.0867156639448825
2011,NG,Nigeria,6.56,0.8169038393756602
2005,XU,North America,106.38,2.0268599859845615
2006,XU,North America,108.81,2.036668810300097
2007,XU,North America,111.44,2.047041103415907
2008,XU,North America,102.02,2.008685319195168
2009,XU,North America,98.44,1.9931716050307648
2010,XU,North America,106.68,2.0280830070178384
2011,XU,North America,121.68,2.085219201044942
2005,NO,Norway,218.87,2.3401862379163454
2006,NO,Norway,216.42,2.3352973927020066
2007,NO,Norway,220.42,2.343250998054363
2008,NO,Norway,213.56,2.329519912185871
2009,NO,Norway,179.13,2.2531683259014423
2010,NO,Norway,170,2.230448921378274
2011,NO,Norway,192.16,2.283662990058831
2005,OE,OECD members,120.93,2.0825340528727136
2006,OE,OECD members,120.11,2.079579166970131
2007,OE,OECD members,126.1,2.1007150865730817
2008,OE,OECD members,108.74,2.0363893286656918
2009,OE,OECD members,103.09,2.0132165396244406
2010,OE,OECD members,115.13,2.0611885046620713
2011,OE,OECD members,120.73,2.08181520063228
2005,OM,Oman,1365.82,3.1353934678977202
2006,OM,Oman,1063.62,3.0267864950829724
2007,OM,Oman,363.75,2.5608030019939636
2008,OM,Oman,724.1,2.859798547480566
2009,OM,Oman,632.43,2.801012462976544
2010,OM,Oman,113.88,2.0564474584749175
2011,OM,Oman,653.6,2.8153120435243593
2005,PK,Pakistan,123.48,2.0915966208100576
2006,PK,Pakistan,125.73,2.099438915553507
2007,PK,Pakistan,118.42,2.0734250567459815
2008,PK,Pakistan,119.15,2.076094046682475
2009,PK,Pakistan,144.33,2.1593566116222265
2010,PK,Pakistan,138.3,2.1408221801093106
2011,PK,Pakistan,128.52,2.1089707168794805
2005,PA,Panama,34.42,1.5368108659915414
2006,PA,Panama,38.4,1.5843312243675307
2007,PA,Panama,34.09,1.5326270012288912
2008,PA,Panama,35.81,1.554004321011903
2009,PA,Panama,47.55,1.6771505212734328
2010,PA,Panama,63.76,1.804548308388056
2011,PA,Panama,37.43,1.573219827114422
2005,PG,Papua New Guinea,71.41,1.8537590330747686
2006,PG,Papua New Guinea,58.89,1.7700415543196686
2007,PG,Papua New Guinea,75.85,1.8799555851227492
2008,PG,Papua New Guinea,70.7,1.8494194137968993
2009,PG,Papua New Guinea,103.85,2.016406500871118
2010,PG,Papua New Guinea,109.48,2.039334788738086
2011,PG,Papua New Guinea,85.48,1.9318645134920318
2005,PY,Paraguay,65.76,1.817961804531994
2006,PY,Paraguay,72.72,1.861653870213911
2007,PY,Paraguay,94.31,1.9745577448535798
2008,PY,Paraguay,74.7,1.8733206018153987
2009,PY,Paraguay,62.73,1.7974752875373343
2010,PY,Paraguay,82.1,1.9143431571194407
2011,PY,Paraguay,97.64,1.989627770745151
2005,PE,Peru,76.72,1.8849085941626071
2006,PE,Peru,85.42,1.9315595670908052
2007,PE,Peru,100.56,2.0024252646779015
2008,PE,Peru,74.07,1.8696423446515946
2009,PE,Peru,93.16,1.969229479862643
2010,PE,Peru,89.52,1.9519200735202935
2011,PE,Peru,101.24,2.005352136486217
2005,PH,Philippines,152.16,2.182300499593339
2006,PH,Philippines,138.56,2.1416378746732714
2007,PH,Philippines,159.31,2.202243037624806
2008,PH,Philippines,104.97,2.021065197202569
2009,PH,Philippines,121.45,2.0843975191411492
2010,PH,Philippines,151.44,2.1802406009557402
2011,PH,Philippines,144.86,2.160948480864697
2005,PL,Poland,161.94,2.20935413494016
2006,PL,Poland,159.34,2.2023248128295485
2007,PL,Poland,181.17,2.2580862843279794
2008,PL,Poland,157.72,2.1978867684011854
2009,PL,Poland,147.27,2.1681142868195318
2010,PL,Poland,180.48,2.2564290823032485
2011,PL,Poland,169.74,2.2297841978406345
2005,PT,Portugal,207.12,2.3162220374268156
2006,PT,Portugal,135.29,2.131265696780032
2007,PT,Portugal,199.91,2.3008345191616124
2008,PT,Portugal,155.49,2.1917024635591935
2009,PT,Portugal,118.57,2.0739748198666583
2010,PT,Portugal,148.96,2.1730696636372673
2011,PT,Portugal,132.51,2.1222486539780534
2005,V4,Post-demographic dividend,113.16,2.053692938784953
2006,V4,Post-demographic dividend,114.05,2.0570952896126675
2007,V4,Post-demographic dividend,119.8,2.0784568180532927
2008,V4,Post-demographic dividend,105.52,2.023334782538309
2009,V4,Post-demographic dividend,97.3,1.9881128402683519
2010,V4,Post-demographic dividend,109.65,2.0400086360135417
2011,V4,Post-demographic dividend,117.09,2.068519806000911
2005,V1,Pre-demographic dividend,8.39,0.9237619608287003
2006,V1,Pre-demographic dividend,9.31,0.9689496809813426
2007,V1,Pre-demographic dividend,8.25,0.9164539485499251
2008,V1,Pre-demographic dividend,8.71,0.9400181550076633
2009,V1,Pre-demographic dividend,8.61,0.9350031514536548
2010,V1,Pre-demographic dividend,10.86,1.0358298252528282
2011,V1,Pre-demographic dividend,10.4,1.0170333392987803
2005,QA,Qatar,633.53,2.801767185164165
2006,QA,Qatar,0.001,-3
2007,QA,Qatar,5413.85,3.733506218727664
2008,QA,Qatar,231.07,2.3637435643445683
2009,QA,Qatar,3301.72,3.5187402404558505
2010,QA,Qatar,6714.85,3.827036315604899
2011,QA,Qatar,12755.08,4.105683186854049
2005,RO,Romania,51.35,1.710540447933297
2006,RO,Romania,40.6,1.608526033577194
2007,RO,Romania,44.64,1.6497241859295224
2008,RO,Romania,45.64,1.659345635746177
2009,RO,Romania,48.49,1.6856521841155243
2010,RO,Romania,52.55,1.720572720364261
2011,RO,Romania,54.13,1.7334380270910614
2005,RU,Russian Federation,11.79,1.0715138050950892
2006,RU,Russian Federation,12.48,1.0962145853464051
2007,RU,Russian Federation,14.25,1.153814864344529
2008,RU,Russian Federation,15.88,1.2008504980910775
2009,RU,Russian Federation,15.62,1.1936810295412814
2010,RU,Russian Federation,16.07,1.2060158767633447
2011,RU,Russian Federation,16.41,1.2151085810530933
2005,RW,Rwanda,3.14,0.49692964807321494
2006,RW,Rwanda,3.52,0.546542663478131
2007,RW,Rwanda,7.91,0.8981764834976765
2008,RW,Rwanda,9.62,0.983175072037813
2009,RW,Rwanda,1.29,0.11058971029924898
2010,RW,Rwanda,0.08,-1.0969100130080565
2011,RW,Rwanda,0.1,-1
2005,WS,Samoa,3.36,0.526339277389844
2006,WS,Samoa,2.31,0.36361197989214433
2007,WS,Samoa,3.8,0.5797835966168101
2008,WS,Samoa,5.44,0.7355988996981799
2009,WS,Samoa,4.43,0.6464037262230695
2010,WS,Samoa,2,0.3010299956639812
2011,WS,Samoa,1.88,0.2741578492636798
2005,SA,Saudi Arabia,93.9,1.972665592266111
2006,SA,Saudi Arabia,98.78,1.9946690218255294
2007,SA,Saudi Arabia,118.82,2.074889548040668
2008,SA,Saudi Arabia,77.6,1.8898617212581883
2009,SA,Saudi Arabia,43.82,1.6416723732246865
2010,SA,Saudi Arabia,92.04,1.9639766099966058
2011,SA,Saudi Arabia,148.32,2.171199716800422
2005,SN,Senegal,9.87,0.9943171526696367
2006,SN,Senegal,2.31,0.36361197989214433
2007,SN,Senegal,2.15,0.33243845991560533
2008,SN,Senegal,2.3,0.36172783601759284
2009,SN,Senegal,6.37,0.8041394323353505
2010,SN,Senegal,8.2,0.9138138523837167
2011,SN,Senegal,6.83,0.8344207036815325
2005,SC,Seychelles,34,1.5314789170422551
2006,SC,Seychelles,11,1.0413926851582251
2007,SC,Seychelles,30,1.4771212547196624
2008,SC,Seychelles,34,1.5314789170422551
2009,SC,Seychelles,52,1.7160033436347992
2010,SC,Seychelles,32.22,1.5081255360831993
2011,SC,Seychelles,321.43,2.5070864082905135
2005,SG,Singapore,13753.03,4.138398390334417
2006,SG,Singapore,16532.31,4.218333540211602
2007,SG,Singapore,16242.86,4.21066250106652
2008,SG,Singapore,16266.67,4.21129865627781
2009,SG,Singapore,4663.33,3.668696149339973
2010,SG,Singapore,3131.25,3.495717743211321
2011,SG,Singapore,4373.02,3.6407814635945197
2005,SK,Slovak Republic,80.5,1.9057958803678685
2006,SK,Slovak Republic,91.78,1.9627480533586406
2007,SK,Slovak Republic,89.95,1.9540011676815703
2008,SK,Slovak Republic,75.08,1.8755242639493086
2009,SK,Slovak Republic,78.31,1.893817223967463
2010,SK,Slovak Republic,85.06,1.9297253783780044
2011,SK,Slovak Republic,95.94,1.9819997141298784
2005,SI,Slovenia,329.55,2.5179213159761917
2006,SI,Slovenia,322.01,2.5078693588926737
2007,SI,Slovenia,324.53,2.5112548497719405
2008,SI,Slovenia,279.84,2.4469097921346012
2009,SI,Slovenia,233.83,2.3689002296600066
2010,SI,Slovenia,266.57,2.425811271981189
2011,SI,Slovenia,256.51,2.4091043006765425
2005,ZA,South Africa,47.33,1.675136504467994
2006,ZA,South Africa,62.34,1.794766797940821
2007,ZA,South Africa,61.02,1.7854722033063883
2008,ZA,South Africa,56.29,1.7504312486602023
2009,ZA,South Africa,60.25,1.779957051246906
2010,ZA,South Africa,53.78,1.7306207978872827
2011,ZA,South Africa,60.34,1.7806053058389697
2005,8S,South Asia,124.29,2.0944361880179563
2006,8S,South Asia,131.39,2.118562312635603
2007,8S,South Asia,134.7,2.1293675957229854
2008,8S,South Asia,143.78,2.157698479275516
2009,8S,South Asia,157.76,2.197996897597136
2010,8S,South Asia,166.44,2.22125770712091
2011,8S,South Asia,168.21,2.225851810818157
2005,T5,South Asia (IDA & IBRD),124.29,2.0944361880179563
2006,T5,South Asia (IDA & IBRD),131.39,2.118562312635603
2007,T5,South Asia (IDA & IBRD),134.7,2.1293675957229854
2008,T5,South Asia (IDA & IBRD),143.78,2.157698479275516
2009,T5,South Asia (IDA & IBRD),157.76,2.197996897597136
2010,T5,South Asia (IDA & IBRD),166.44,2.22125770712091
2011,T5,South Asia (IDA & IBRD),168.21,2.225851810818157
2005,ES,Spain,142.14,2.1527163111064085
2006,ES,Spain,142.33,2.1532964493553055
2007,ES,Spain,157.72,2.1978867684011854
2008,ES,Spain,106.54,2.027512692448811
2009,ES,Spain,96.93,1.9864582127373065
2010,ES,Spain,130.68,2.1162091258033997
2011,ES,Spain,122.62,2.0885613117912154
2005,LK,Sri Lanka,255.29,2.407033803328038
2006,LK,Sri Lanka,291.32,2.4643703012822327
2007,LK,Sri Lanka,288.52,2.4601759235180283
2008,LK,Sri Lanka,311.71,2.49375073514548
2009,LK,Sri Lanka,281.38,2.44929322530086
2010,LK,Sri Lanka,229.05,2.3599302961121023
2011,LK,Sri Lanka,257.31,2.4104566647973136
2005,KN,St. Kitts and Nevis,13.85,1.1414497734004674
2006,KN,St. Kitts and Nevis,22.61,1.3543005623453597
2007,KN,St. Kitts and Nevis,12.53,1.09795107099415
2008,KN,St. Kitts and Nevis,20.5,1.3117538610557542
2009,KN,St. Kitts and Nevis,12.75,1.105510184769974
2010,KN,St. Kitts and Nevis,11.33,1.0542299098633972
2011,KN,St. Kitts and Nevis,10.4,1.0170333392987803
2005,ZG,Sub-Saharan Africa,10.95,1.039414119176137
2006,ZG,Sub-Saharan Africa,13.06,1.115943176939055
2007,ZG,Sub-Saharan Africa,12.53,1.09795107099415
2008,ZG,Sub-Saharan Africa,12.25,1.0881360887005513
2009,ZG,Sub-Saharan Africa,12.43,1.0944711286416449
2010,ZG,Sub-Saharan Africa,14.99,1.1758016328482794
2011,ZG,Sub-Saharan Africa,14.2,1.1522883443830565
2005,ZF,Sub-Saharan Africa (excluding high income),10.95,1.039414119176137
2006,ZF,Sub-Saharan Africa (excluding high income),13.06,1.115943176939055
2007,ZF,Sub-Saharan Africa (excluding high income),12.53,1.09795107099415
2008,ZF,Sub-Saharan Africa (excluding high income),12.25,1.0881360887005513
2009,ZF,Sub-Saharan Africa (excluding high income),12.43,1.0944711286416449
2010,ZF,Sub-Saharan Africa (excluding high income),14.99,1.1758016328482794
2011,ZF,Sub-Saharan Africa (excluding high income),14.2,1.1522883443830565
2005,T6,Sub-Saharan Africa (IDA & IBRD countries),10.95,1.039414119176137
2006,T6,Sub-Saharan Africa (IDA & IBRD countries),13.06,1.115943176939055
2007,T6,Sub-Saharan Africa (IDA & IBRD countries),12.53,1.09795107099415
2008,T6,Sub-Saharan Africa (IDA & IBRD countries),12.25,1.0881360887005513
2009,T6,Sub-Saharan Africa (IDA & IBRD countries),12.43,1.0944711286416449
2010,T6,Sub-Saharan Africa (IDA & IBRD countries),14.99,1.1758016328482794
2011,T6,Sub-Saharan Africa (IDA & IBRD countries),14.2,1.1522883443830565
2005,SD,Sudan,2.68,0.42813479402878885
2006,SD,Sudan,2.55,0.4065401804339551
2007,SD,Sudan,3.59,0.5550944485783191
2008,SD,Sudan,3.84,0.5843312243675308
2009,SD,Sudan,7.96,0.900913067737669
2010,SD,Sudan,10.24,1.0102999566398119
2011,SD,Sudan,8.08,0.9074113607745862
2005,SR,Suriname,106.37,2.0268191592412266
2006,SR,Suriname,183.33,2.263233538439489
2007,SR,Suriname,149.43,2.174437796452046
2008,SR,Suriname,548.66,2.7393032991563406
2009,SR,Suriname,158.29,2.19945347909483
2010,SR,Suriname,211.93,2.3261924381277725
2011,SR,Suriname,206.29,2.314478175864182
2005,SE,Sweden,87.9,1.943988875073772
2006,SE,Sweden,86.42,1.9366142619752114
2007,SE,Sweden,89.47,1.9516774373433006
2008,SE,Sweden,99.16,1.9963365180957837
2009,SE,Sweden,64.01,1.8062478271957905
2010,SE,Sweden,81.85,1.9130186837479601
2011,SE,Sweden,85.21,1.9304905653062696
2005,CH,Switzerland,227.96,2.357858648301793
2006,CH,Switzerland,228.65,2.359171205716701
2007,CH,Switzerland,229.9,2.361538971269279
2008,CH,Switzerland,227.27,2.35654211194876
2009,CH,Switzerland,190.83,2.280646650296195
2010,CH,Switzerland,218.38,2.3392128616546413
2011,CH,Switzerland,208.96,2.32006315959498
2005,SY,Syrian Arab Republic,84.95,1.9291633832050645
2006,SY,Syrian Arab Republic,84.54,1.927062243493
2007,SY,Syrian Arab Republic,80.65,1.9066043717249803
2008,SY,Syrian Arab Republic,87.99,1.9444333177002147
2009,SY,Syrian Arab Republic,65.42,1.8157105397889628
2010,SY,Syrian Arab Republic,33.02,1.5187770689267748
2011,SY,Syrian Arab Republic,49.72,1.6965311199696071
2005,TJ,Tajikistan,37.82,1.5777215245090208
2006,TJ,Tajikistan,73.95,1.8689381783329113
2007,TJ,Tajikistan,74.13,1.8699940001217419
2008,TJ,Tajikistan,70.45,1.8478809974453752
2009,TJ,Tajikistan,64.11,1.806925776883732
2010,TJ,Tajikistan,60.6,1.7824726241662863
2011,TJ,Tajikistan,66.79,1.8247114434647345
2005,TZ,Tanzania,5.75,0.7596678446896304
2006,TZ,Tanzania,5.4,0.7323937598229685
2007,TZ,Tanzania,5.07,0.705007959333336
2008,TZ,Tanzania,4.68,0.670245853074124
2009,TZ,Tanzania,7.52,0.8762178405916422
2010,TZ,Tanzania,8.79,0.9439888750737718
2011,TZ,Tanzania,8.61,0.9350031514536548
2005,TH,Thailand,112.73,2.052039507001472
2006,TH,Thailand,117.4,2.0696680969115957
2007,TH,Thailand,124.95,2.096736260462469
2008,TH,Thailand,130.52,2.1156770651158374
2009,TH,Thailand,122.06,2.0865733656205743
2010,TH,Thailand,162.16,2.2099437356849525
2011,TH,Thailand,159.17,2.2018612162772624
2005,TG,Togo,9.68,0.9858753573083937
2006,TG,Togo,5.48,0.7387805584843692
2007,TG,Togo,6.28,0.7979596437371962
2008,TG,Togo,0.001,-3
2009,TG,Togo,6.16,0.7895807121644255
2010,TG,Togo,8.96,0.9523080096621253
2011,TG,Togo,10.2,1.0086001717619175
2005,TO,Tonga,95,1.9777236052888478
2006,TO,Tonga,45.88,1.6616234092292301
2007,TO,Tonga,9.5,0.9777236052888477
2008,TO,Tonga,10.12,1.0051805125037803
2009,TO,Tonga,261.41,2.4173221970997294
2010,TO,Tonga,239.18,2.3787248615505674
2011,TO,Tonga,108.35,2.0348289156558366
2005,TT,Trinidad and Tobago,160.84,2.2063940644308735
2006,TT,Trinidad and Tobago,939.8,2.973035440686933
2007,TT,Trinidad and Tobago,67.84,1.8314858392486575
2008,TT,Trinidad and Tobago,868,2.938519725176492
2009,TT,Trinidad and Tobago,274.96,2.439269519129169
2010,TT,Trinidad and Tobago,659.68,2.8193333174572834
2011,TT,Trinidad and Tobago,111.24,2.046260980192122
2005,TN,Tunisia,64.09,1.806790271584067
2006,TN,Tunisia,34.54,1.53832233323144
2007,TN,Tunisia,27.12,1.4332896851950259
2008,TN,Tunisia,34.38,1.5363058723510337
2009,TN,Tunisia,43.53,1.6387886671573983
2010,TN,Tunisia,40.4,1.606381365110605
2011,TN,Tunisia,51.42,1.7111320723068417
2005,TR,Turkey,86.76,1.9383195433421556
2006,TR,Turkey,91.84,1.9630318750538984
2007,TR,Turkey,90.34,1.9558800862253753
2008,TR,Turkey,71.97,1.857151502687493
2009,TR,Turkey,104.57,2.0194071080188833
2010,TR,Turkey,98.38,1.9929068182233125
2011,TR,Turkey,89.94,1.953952883231923
2005,UG,Uganda,0.97,-0.01322826573375516
2006,UG,Uganda,1.25,0.09691001300805642
2007,UG,Uganda,1.2,0.07918124604762482
2008,UG,Uganda,2.94,0.46834733041215726
2009,UG,Uganda,2.08,0.31806333496276157
2010,UG,Uganda,1.72,0.2355284469075489
2011,UG,Uganda,1.76,0.24551266781414982
2005,UA,Ukraine,17.19,1.2352758766870524
2006,UA,Ukraine,21.55,1.3334472744967505
2007,UA,Ukraine,27.64,1.4415380387021608
2008,UA,Ukraine,32.79,1.5157414166693652
2009,UA,Ukraine,27.3,1.436162647040756
2010,UA,Ukraine,32.66,1.5140161804006493
2011,UA,Ukraine,38.87,1.5896145406312663
2005,AE,United Arab Emirates,218.54,2.3395309387406553
2006,AE,United Arab Emirates,911.46,2.9597376141205
2007,AE,United Arab Emirates,1104.93,3.043334765282044
2008,AE,United Arab Emirates,423.64,2.626996959365406
2009,AE,United Arab Emirates,1324.85,3.122166710076623
2010,AE,United Arab Emirates,674.9,2.829239428141389
2011,AE,United Arab Emirates,757.65,2.8794686275680306
2005,GB,United Kingdom,272.82,2.4358762045887516
2006,GB,United Kingdom,254.18,2.4051413753629496
2007,GB,United Kingdom,254.07,2.4049533875862443
2008,GB,United Kingdom,208.16,2.318397279217511
2009,GB,United Kingdom,239.87,2.379975935132622
2010,GB,United Kingdom,251.93,2.401279886667168
2011,GB,United Kingdom,238.7,2.3778524190067545
2005,US,United States,118.6,2.074084689028244
2006,US,United States,126.2,2.1010593549081156
2007,US,United States,123.27,2.0908573959815335
2008,US,United States,112.43,2.0508822106640294
2009,US,United States,108.49,2.035389709198677
2010,US,United States,117.12,2.068631063714317
2011,US,United States,132.33,2.1216583124980697
2005,XT,Upper middle income,148.13,2.17064302283611
2006,XT,Upper middle income,155.81,2.1925953275692116
2007,XT,Upper middle income,166.77,2.2221179287582227
2008,XT,Upper middle income,164.92,2.217273326129321
2009,XT,Upper middle income,165.17,2.2179311687857806
2010,XT,Upper middle income,177.73,2.249760740887979
2011,XT,Upper middle income,185.38,2.2680628778226835
2005,UY,Uruguay,140.56,2.1478617484872387
2006,UY,Uruguay,148.7,2.172310968521954
2007,UY,Uruguay,139.51,2.1446053387147446
2008,UY,Uruguay,104.41,2.018742095762382
2009,UY,Uruguay,93.93,1.9728043223365777
2010,UY,Uruguay,145.78,2.163697945892569
2011,UY,Uruguay,131.59,2.119222886923583
2005,VE,"Venezuela, RB",166.75,2.2220658425885866
2006,VE,"Venezuela, RB",122.72,2.0889153466049057
2007,VE,"Venezuela, RB",135.5,2.1319392952104246
2008,VE,"Venezuela, RB",177.97,2.250346800440827
2009,VE,"Venezuela, RB",166.18,2.2205787546328293
2010,VE,"Venezuela, RB",170.69,2.232208078396316
2011,VE,"Venezuela, RB",170.37,2.2313931234031217
2005,VN,Vietnam,292.27,2.4657842395685026
2006,VN,Vietnam,300.17,2.477367285224013
2007,VN,Vietnam,353.01,2.5477870081733904
2008,VN,Vietnam,305.7,2.4852954387260886
2009,VN,Vietnam,407.72,2.610362015539964
2010,VN,Vietnam,323.35,2.5096728652831355
2011,VN,Vietnam,309.55,2.490730808348924
2005,1W,World,114.11,2.0573237053692845
2006,1W,World,117.82,2.0712190183999746
2007,1W,World,124.47,2.0950646895486353
2008,1W,World,120.09,2.0795068448247678
2009,1W,World,119.58,2.077658549084131
2010,1W,World,129.17,2.1111616595775877
2011,1W,World,133.91,2.1268130100415528
2005,YE,"Yemen, Rep.",3.81,0.5809249756756193
2006,YE,"Yemen, Rep.",8.42,0.9253120914996495
2007,YE,"Yemen, Rep.",21.41,1.3306166672944384
2008,YE,"Yemen, Rep.",14.63,1.165244326125311
2009,YE,"Yemen, Rep.",12.04,1.0806264869218056
2010,YE,"Yemen, Rep.",19.46,1.2891428359323331
2011,YE,"Yemen, Rep.",12.4,1.0934216851622351
2005,ZM,Zambia,27.98,1.4468477101558088
2006,ZM,Zambia,25.68,1.4095950193968156
2007,ZM,Zambia,32.33,1.509605704611556
2008,ZM,Zambia,38.66,1.5872618496925341
2009,ZM,Zambia,25.78,1.4112829130173843
2010,ZM,Zambia,29.17,1.4649364291217326
2011,ZM,Zambia,46.15,1.664171705361931
2005,ZW,Zimbabwe,21.8,1.3384564936046048
2006,ZW,Zimbabwe,32.36,1.5100085129402347
2007,ZW,Zimbabwe,27.04,1.4320066872695982
2008,ZW,Zimbabwe,21.99,1.3422252293607904
2009,ZW,Zimbabwe,28.78,1.4590907896005865
2010,ZW,Zimbabwe,34.08,1.5324995860946624
2011,ZW,Zimbabwe,26.55,1.424064525417488
